Hugo_Symbol,Chromosome,Start_Position,End_Position,Variant_Type,Reference_Allele,Tumor_Seq_Allele2,codon,ref_aa,mut_aa,classification,HGVSp
KEAP1,19,10610575,10610577,ONP,GGA,ACT,45,S,S,neutral,S45S
KEAP1,19,10610497,10610499,ONP,CCG,TCT,71,R,R,neutral,R71R
KEAP1,19,10610404,10610406,ONP,TGA,ACT,102,S,S,neutral,S102S
KEAP1,19,10610245,10610245,SNP,G,T,155,V,V,neutral,V155V
KEAP1,19,10610221,10610221,SNP,C,T,163,Q,Q,neutral,Q163Q
KEAP1,19,10610197,10610197,SNP,G,A,171,C,C,neutral,C171C
KEAP1,19,10610158,10610158,SNP,G,T,184,A,A,neutral,A184A
KEAP1,19,10610152,10610152,SNP,G,T,186,G,G,neutral,G186G
KEAP1,19,10610134,10610134,SNP,C,T,192,E,E,neutral,E192E
KEAP1,19,10610080,10610080,SNP,A,G,210,H,H,neutral,H210H
KEAP1,19,10602906,10602908,ONP,GGA,ACT,224,S,S,neutral,S224S
KEAP1,19,10602876,10602878,ONP,CCG,TCT,234,R,R,neutral,R234R
KEAP1,19,10602867,10602869,ONP,CAG,TAA,237,L,L,neutral,L237L
KEAP1,19,10602864,10602864,SNP,G,A,238,N,N,neutral,N238N
KEAP1,19,10602858,10602860,ONP,GCG,TCT,240,R,R,neutral,R240R
KEAP1,19,10602800,10602800,SNP,G,T,260,R,R,neutral,R260R
KEAP1,19,10602762,10602764,ONP,GCG,TCT,272,R,R,neutral,R272R
KEAP1,19,10602756,10602756,SNP,G,A,274,H,H,neutral,H274H
KEAP1,19,10602744,10602744,SNP,C,T,278,P,P,neutral,P278P
KEAP1,19,10602735,10602737,ONP,CAG,TAA,281,L,L,neutral,L281L
KEAP1,19,10602687,10602687,SNP,G,A,297,C,C,neutral,C297C
KEAP1,19,10602678,10602678,SNP,G,A,300,Y,Y,neutral,Y300Y
KEAP1,19,10602645,10602645,SNP,G,A,311,H,H,neutral,H311H
KEAP1,19,10602618,10602620,ONP,CCG,TCT,320,R,R,neutral,R320R
KEAP1,19,10602582,10602582,SNP,G,T,332,G,G,neutral,G332G
KEAP1,19,10602579,10602579,SNP,G,T,333,G,G,neutral,G333G
KEAP1,19,10602495,10602495,SNP,C,T,361,P,P,neutral,P361P
KEAP1,19,10602492,10602494,ONP,CCG,TCT,362,R,R,neutral,R362R
KEAP1,19,10602486,10602486,SNP,G,T,364,G,G,neutral,G364G
KEAP1,19,10602471,10602471,SNP,C,T,369,V,V,neutral,V369V
KEAP1,19,10602444,10602444,SNP,G,T,378,G,G,neutral,G378G
KEAP1,19,10602339,10602341,ONP,ACG,TCT,413,R,R,neutral,R413R
KEAP1,19,10602336,10602336,SNP,G,A,414,N,N,neutral,N414N
KEAP1,19,10602333,10602335,ONP,GCG,TCT,415,R,R,neutral,R415R
KEAP1,19,10602330,10602330,SNP,G,T,416,I,I,neutral,I416I
KEAP1,19,10602288,10602288,SNP,G,T,430,G,G,neutral,G430G
KEAP1,19,10600469,10600469,SNP,C,T,462,G,G,neutral,G462G
KEAP1,19,10600460,10600460,SNP,C,T,465,V,V,neutral,V465V
KEAP1,19,10600415,10600415,SNP,C,T,480,G,G,neutral,G480G
KEAP1,19,10600331,10600331,SNP,G,A,508,S,S,neutral,S508S
KEAP1,19,10600325,10600325,SNP,T,A,510,A,A,neutral,A510A
KEAP1,19,10600004,10600004,SNP,G,T,524,G,G,neutral,G524G
KEAP1,19,10599968,10599970,ONP,GCG,TCT,536,R,R,neutral,R536R
KEAP1,19,10599902,10599902,SNP,C,T,558,G,G,neutral,G558G
KEAP1,19,10599872,10599872,SNP,G,T,568,V,V,neutral,V568V
KEAP1,19,10597487,10597487,SNP,A,G,572,Y,Y,neutral,Y572Y
KEAP1,19,10597400,10597402,ONP,CCG,TCT,601,R,R,neutral,R601R
KEAP1,19,10597394,10597394,SNP,C,T,603,G,G,neutral,G603G
