Hugo_Symbol,Alteration,n_patients_in_LUAD,n_patients_germline_LUAD,driver,Chromosome,Start_Position,End_Position,Reference_Allele,Alternate_Alleles,classification,Tumor_Seq_Allele2,Alternate_Allele_2,Variant_Type,codon
KEAP1,p.R601L,10,,1.0,19,10597401,10597401,C,A,driver,A,,SNP,601
KEAP1,p.V155F,8,,1.0,19,10610247,10610247,C,A,driver,A,,SNP,155
KEAP1,p.G333C,7,,1.0,19,10602581,10602581,C,A,driver,A,,SNP,333
KEAP1,p.G186C,6,,1.0,19,10610154,10610154,C,A,driver,A,,SNP,186
KEAP1,p.G364C,6,,1.0,19,10602488,10602488,C,A,driver,A,,SNP,364
KEAP1,p.G430C,6,,1.0,19,10602290,10602290,C,A,driver,A,,SNP,430
KEAP1,p.R272C,5,,1.0,19,10602764,10602764,G,A,driver,A,,SNP,272
KEAP1,p.G480W,4,,1.0,19,10600417,10600417,C,A,driver,A,,SNP,480
KEAP1,p.R320L,4,,1.0,19,10602619,10602619,C,A,driver,A,,SNP,320
KEAP1,p.R320Q,4,,1.0,19,10602619,10602619,C,T,driver,T,,SNP,320
KEAP1,p.R362Q,8,,0.0,19,10602493,10602493,C,T,VUS,T,,SNP,362
KEAP1,p.G462V,6,,0.0,19,10600470,10600470,C,A,VUS,A,,SNP,462
KEAP1,p.C297F,5,,0.0,19,10602688,10602688,C,A,VUS,A,,SNP,297
KEAP1,p.G332C,5,,0.0,19,10602584,10602584,C,A,VUS,A,,SNP,332
KEAP1,p.P278S,5,,0.0,19,10602746,10602746,G,A,VUS,A,,SNP,278
KEAP1,p.R413C,5,,0.0,19,10602341,10602341,G,A,VUS,A,,SNP,413
KEAP1,p.R413L,5,,0.0,19,10602340,10602340,C,A,VUS,A,,SNP,413
KEAP1,p.L237V,4,,0.0,19,10602869,10602869,G,C,VUS,C,,SNP,237
KEAP1,p.V168F,4,,0.0,19,10610208,10610208,C,A,VUS,A,,SNP,168
KEAP1,p.H311R,4,,0.0,19,10602646,10602646,T,C,VUS,C,,SNP,311
KEAP1,p.G603V,4,,0.0,19,10597395,10597395,C,A,VUS,A,,SNP,603
KEAP1,p.E192K,4,,0.0,19,10610136,10610136,C,T,VUS,T,,SNP,192
KEAP1,p.L281M,3,,0.0,19,10602737,10602737,G,T,VUS,T,,SNP,281
KEAP1,p.W252C,3,,0.0,19,10602822,10602822,C,A,VUS,A,,SNP,252
KEAP1,p.V568F,3,,0.0,19,10599874,10599874,C,A,VUS,A,,SNP,568
KEAP1,p.R71L,3,,0.0,19,10610498,10610498,C,A,VUS,A,,SNP,71
KEAP1,p.R234W,3,,0.0,19,10602878,10602878,G,A,VUS,A,,SNP,234
KEAP1,p.N414I,3,,0.0,19,10602337,10602337,T,A,VUS,A,,SNP,414
KEAP1,p.V369L,3,,0.0,19,10602473,10602473,C,A,VUS,A,,SNP,369
KEAP1,p.H274R,3,,0.0,19,10602757,10602757,T,C,VUS,C,,SNP,274
KEAP1,p.G524C,3,,0.0,19,10600006,10600006,C,A,VUS,A,,SNP,524
KEAP1,p.G378C,3,,0.0,19,10602446,10602446,C,A,VUS,A,,SNP,378
KEAP1,p.C171F,3,,0.0,19,10610198,10610198,C,A,VUS,A,,SNP,171
KEAP1,p.A510V,3,,0.0,19,10600326,10600326,G,A,VUS,A,,SNP,510
KEAP1,p.G558R,3,,0.0,19,10599904,10599904,C,"G,T",VUS,G,T,SNP,558
KEAP1,p.S102L,2,,0.0,19,10610405,10610405,G,A,VUS,A,,SNP,102
KEAP1,p.I416F,2,,0.0,19,10602332,10602332,T,A,VUS,A,,SNP,416
KEAP1,p.M161I,2,,0.0,19,10610227,10610227,C,"A,G",VUS,A,G,SNP,161
KEAP1,p.N238K,2,,0.0,19,10602864,10602864,G,"C,T",VUS,C,T,SNP,238
KEAP1,p.P278L,2,,0.0,19,10602745,10602745,G,A,VUS,A,,SNP,278
KEAP1,p.P361L,2,,0.0,19,10602496,10602496,G,A,VUS,A,,SNP,361
KEAP1,p.Q163L,2,,0.0,19,10610222,10610222,T,A,VUS,A,,SNP,163
KEAP1,p.R240L,2,,0.0,19,10602859,10602859,C,A,VUS,A,,SNP,240
KEAP1,p.R71W,2,,0.0,19,10610499,10610499,G,A,VUS,A,,SNP,71
KEAP1,p.T142M,2,,0.0,19,10610285,10610285,G,A,VUS,A,,SNP,142
KEAP1,p.S224F,2,,0.0,19,10602907,10602907,G,A,VUS,A,,SNP,224
KEAP1,p.S45F,2,,0.0,19,10610576,10610576,G,A,VUS,A,,SNP,45
KEAP1,p.W252L,2,,0.0,19,10602823,10602823,C,A,VUS,A,,SNP,252
KEAP1,p.W403C,2,,0.0,19,10602369,10602369,C,A,VUS,A,,SNP,403
KEAP1,p.W450L,2,,0.0,19,10600506,10600506,C,A,VUS,A,,SNP,450
KEAP1,p.Y300C,2,,0.0,19,10602679,10602679,T,C,VUS,C,,SNP,300
KEAP1,p.Y572C,2,,0.0,19,10597488,10597488,T,C,VUS,C,,SNP,572
KEAP1,p.R260L,3,1.0,1.0,19,10602799,10602799,C,A,germline,A,,SNP,260
KEAP1,p.A184G,1,1.0,,19,10610159,10610159,G,C,germline,C,,SNP,184
KEAP1,p.R415H,1,1.0,1.0,19,10602334,10602334,C,T,germline,T,,SNP,415
KEAP1,p.R536C,0,1.0,0.0,19,10599970,10599970,G,A,germline,A,,SNP,536
KEAP1,p.Y520C,0,1.0,0.0,19,10600017,10600017,T,C,germline,C,,SNP,520
KEAP1,p.S508R,0,1.0,0.0,19,10600331,10600331,G,C,germline,C,,SNP,508
KEAP1,p.G480R,0,1.0,0.0,19,10600417,10600417,C,G,germline,G,,SNP,480
KEAP1,p.H210P,0,1.0,0.0,19,10610081,10610081,T,G,germline,G,,SNP,210
KEAP1,p.M550K,0,1.0,0.0,19,10599927,10599927,A,T,germline,T,,SNP,550
KEAP1,p.V465L,0,1.0,0.0,19,10600462,10600462,C,A,germline,A,,SNP,465
